movieID,directorName
1,John Lasseter
2,Joe Johnston
3,Donald Petrie
4,Forest Whitaker
5,Charles Shyer
6,Michael Mann
7,Billy Wilder
8,Peter Hewitt
9,Peter Hyams
10,Martin Campbell
11,Rob Reiner
12,Mel Brooks
13,Simon Wells
14,Oliver Stone
15,Renny Harlin
16,Martin Scorsese
17,Ang Lee
18,Alexandre Rockwell
19,Steve Oedekerk
20,Joseph Ruben
21,Barry Sonnenfeld
22,Jon Amiel
23,James McTeigue
24,Victor Salva
25,Mike Figgis
26,Oliver Parker
27,Lesli Linka Glatter
28,Roger Michell
29,Jean-Pierre Jeunet
30,Yimou Zhang
31,John N. Smith
32,Siddharth Randeria
33,Jean-Jacques Annaud
34,Chris Noonan
35,Christopher Hampton
36,Tim Robbins
37,Stephan Low
38,Andy Tennant
39,Andras Solyom
40,Darrell Roodt
41,Richard Loncraine
42,Albert Hughes
43,Michael Hoffman
44,Paul W.S. Anderson
45,Len Wiseman
46,Jocelyn Moorhouse
47,Akira Kurosawa
48,Mike Gabriel
49,Patricia Rozema
50,Bryan Singer
52,Woody Allen
53,Gianni Amelio
54,Holly Goldberg Sloan
55,Garry Marshall
56,Robert Tinnell
57,Jodie Foster
58,Michael Radford
59,Robert Lepage
60,Frank Oz
61,Sara Botsford
62,Stephen Herek
63,Paris Barclay
64,Bill Bennett
65,Jason Bloom
66,Farhad Mann
67,James Foley
68,Josiane Balasko
69,Marek Koterski
70,Robert Rodriguez
71,Andrew Sipes
72,Jesse Dylan
73,Bille August
74,Michael Goldenberg
75,Steve Miner
76,Christian Duguay
77,Susanne Ofteringer
78,Sean Penn
79,Brian Gibson
80,Jafar Panahi
81,Gary Fleder
82,Marleen Gorris
83,Tim Reid
84,Henry Jaglom
85,Philip Haas
86,Director Ridley Scott
87,Ken Kwapis
88,Jonathan King
89,John Badham
90,John Duigan
92,Stephen Frears
93,Wes Craven
94,Ted Demme
95,John Woo
96,Kenneth Branagh
97,Mathieu Kassovitz
98,Henry Jaglom
99,Nick Broomfield
100,Harold Becker
101,Wes Anderson
102,Nick Castle
103,John Dahl
104,Dennis Dugan
105,Clint Eastwood
106,Doris Dörrie
107,Brian Henson
110,Mel Gibson
111,Martin Scorsese
112,Stanley Tong
113,Barbet Schroeder
114,Mort Ransen
115,Étienne Chatiliez
116,John Blair
117,Benjamin Ross
118,Eric Schaeffer
119,Andrew Davis
120,Charles T. Kanganis
121,John N. Smith
122,Reginald Hudlin
123,Kar Wai Wong
124,Giuseppe Tornatore
125,David O. Russell
126,Peter MacDonald
128,Michel Negroponte
129,Bryan Gordon
130,Alan Parker
131,Michael Lindsay-Hogg
132,Woody Allen
134,Craig Baldwin
135,David S. Ward
136,Mark Rappaport
137,Barry Levinson
139,John Woo
140,Jon Avnet
141,Mike Nichols
143,Jakov Sedlar
144,Edward Burns
145,Michael Bay
146,Christopher Cain
147,Scott Kalvert
148,Mike Newell
149,Michael Traeger
150,Ron Howard
151,Michael Caton-Jones
152,Michael Caton-Jones
153,Joel Schumacher
154,Luis Buñuel
155,John Boorman
156,Paul Auster
157,Michael Moore
158,Brad Silberling
159,Spike Lee
160,Frank Marshall
161,Tony Scott
162,Terry Zwigoff
163,Robert Rodriguez
164,Carl Franklin
165,John McTiernan
166,Gregg Araki
167,Christopher Menaul
168,Jerry Zucker
169,Dwight H. Little
170,Iain Softley
171,Christopher Ashley
172,Robert Longo
173,Danny Cannon
174,John Fortenberry
175,Larry Clark
176,Tom DiCillo
177,Clive Barker
178,Denys Arcand
179,Jill Goldman
180,Kevin Smith
181,Bryan Spicer
182,David Anspaugh
183,Anthony Waller
184,Rodney Gibbons
185,Irwin Winkler
186,Chris Columbus
187,Daisy von Scherler Mayer
188,Gregory Widen
189,Max Ophüls
190,Sidney Lumet
191,Roland Joffé
193,Paul Verhoeven
194,Wayne Wang
195,Lasse Hallström
196,Roger Donaldson
197,James Keach
198,Kathryn Bigelow
199,Jacques Demy
200,Wesley Strick
201,Martha Coolidge
202,Agnieszka Holland
203,Beeban Kidron
204,Geoff Murphy
205,Diane Keaton
206,Douglas Keeve
207,Alfonso Arau
208,Kevin Reynolds
209,Desmond Nakano
210,Walter Hill
211,Anthony Asquith
212,Greg Beeman
213,Nikita Mikhalkov
214,Milcho Manchevski
215,Richard Linklater
216,Tamra Davis
217,David Ross
218,Herbert Ross
219,Peter Horton
220,Stuart Gordon
222,Pat O'Connor
223,Kevin Smith
224,Jeremy Leven
225,Barry Levinson
226,Francis Ford Coppola
227,John Badham
228,Jack Baran
229,Roman Polanski
230,Taylor Hackford
231,Peter Farrelly
232,Ang Lee
233,Atom Egoyan
234,Garry Marshall
235,Tim Burton
236,Lawrence Kasdan
237,Billy Crystal
238,Phillip Borsos
239,Kevin Lima
240,Brett Leonard
241,Carlo Carlei
242,Gérard Corbiau
243,Mike Hodges
244,Art Clokey
245,Charles Burnett
246,Steve James
247,Peter Jackson
248,Randall Miller
249,Bernard Rose
250,Steven Brill
251,William Friedkin
252,Fred Schepisi
253,Neil Jordan
254,James Ivory
255,James Melkonian
256,Ivan Reitman
257,Arne Glimcher
258,Michael Gottlieb
259,Barbet Schroeder
260,George Lucas
261,Gillian Armstrong
262,Alfonso Cuarón
263,Ken Loach
264,Claude Chabrol
265,Alfonso Arau
266,Edward Zwick
267,Nick Castle
268,James Gray
269,Allison Anders
270,Glenn Gordon Caron
271,Stephen Gyllenhaal
272,Nicholas Hytner
273,James Whale
274,Stephen Herek
275,Nora Ephron
276,Richard Benjamin
277,George Seaton
278,David Frankel
279,Gregory Nava
280,Marc Rocco
281,Evelyn Purcell
282,Michael Apted
283,Nick Gomez
284,Toru Murakawa
285,Vadim Jean
286,Albert Pyun
287,Alan Jacobs
288,Oliver Stone
289,Norman Jewison
290,Lee Tamahori
291,Anne Goursaud
292,Wolfgang Petersen
293,Luc Besson
294,Mira Nair
295,Joshua Brand
296,Quentin Tarantino
297,Harald Zwart
298,Ang Lee
299,Antonia Bird
300,Robert Redford
301,Kayo Hatta
302,Patrice Chéreau
303,Sam Raimi
304,Peter Yates
305,Robert Altman
306,Krzysztof Kieslowski
307,Krzysztof Kieslowski
308,Krzysztof Kieslowski
309,Ping He
310,Fred Gerber
312,Harold Ramis
313,Richard Rich
314,John Sayles
315,Luis Llosa
316,Roland Emmerich
317,Jeannot Szwarc
318,Frank Darabont
319,Danny Boyle
320,Scott McGehee
321,Tomás Gutiérrez Alea
322,George Huang
324,Geoff Burton
325,Kelly Makin
326,Yimou Zhang
327,Rachel Talalay
328,Ernest R. Dickerson
329,David Carson
330,Rusty Cundieff
331,Brian Gilbert
332,John Carpenter
333,Peter Segal
334,Louis Malle
335,Steven Soderbergh
336,Umberto Lenzi
337,Lasse Hallström
338,Brett Leonard
339,Jon Turteltaub
340,David Kim
341,Mina Shum
342,P.J. Hogan
343,Melanie Mayron
344,Tom Shadyac
345,Stephan Elliott
346,Iain Softley
347,Roman Polanski
348,Woody Allen
349,Phillip Noyce
350,Joel Schumacher
351,Jessie Nelson
352,Spike Lee
353,Alex Proyas
354,Ron Shelton
355,Brian Levant
356,Robert Zemeckis
357,Mike Newell
358,John Singleton
359,Darnell Martin
360,Charles Shyer
361,Andrew Bergman
362,Wolfgang Reitherman
363,Ray Muller
364,Rob Minkoff
365,Bernardo Bertolucci
366,Wes Craven
367,Chuck Russell
368,Richard Donner
369,Alan Rudolph
370,Peter Segal
371,Aaron Matthews
372,Ben Stiller
373,John Dahl
374,Donald Petrie
375,Robert Allan Ackerman
376,Curtis Hanson
377,Jan de Bont
378,Ron Underwood
379,Peter Hyams
380,James Cameron
381,Luis Mandoki
382,Mike Nichols
383,Lawrence Kasdan
384,Joel Schumacher
385,Suri Krishnamma
386,Jefery Levy
387,Keenen Ivory Wayans
388,Michael Caton-Jones
389,Yves Angelo
390,Russ Meyer
391,Doug McHenry
392,Dave Borthwick
393,Steven E. de Souza
394,Richard Brooks I
395,Francoise Kohler
396,Paul Warner
397,Martin Scorsese
398,Theodore Thomas
401,Edward Dmytryk
402,Roger Allers
404,Jack Baxter
405,Andrew Morahan
406,Michael Corrente
407,John Carpenter
408,John G. Avildsen
409,Jeff Pollack
410,Barry Sonnenfeld
412,Martin Scorsese
413,Michael Lehmann
414,Paul Michael Glaser
415,John Badham
416,Jonathan Kaplan
417,Woody Allen
419,Penelope Spheeris
420,John Landis
421,Darren Doane
423,Stephen Hopkins
424,William Friedkin
425,Tony Richardson
426,Don Siegel
427,Jennifer Chambers Lynch
428,Robert De Niro
429,Adam Resnick
430,Nigel Cole
431,Brian DePalma
432,Paul Weiland
433,Mick Jackson
434,Renny Harlin
435,Steve Barron
436,Richard Rush
437,Michael Ritchie
438,Gregg Champion
440,Ivan Reitman
441,Richard Linklater
442,Marco Brambilla
443,Bruce Brown
444,Gus Van Sant
445,Carl Reiner
446,Kaige Chen
447,Donald Petrie
448,Kuk Kwok Leung
449,Rusty Cundieff
450,Alek Keshishian
451,Steve Kloves
452,John Irvin
453,Barry Sonnenfeld
454,Sydney Pollack
455,Simon Wincer
456,Boaz Yakin
457,Andrew Davis
458,Walter Hill
459,David Twohy
460,Howard Deutch
461,Lawrence L. Simeone
462,Bruce Beresford
463,Sidney Lumet
464,John Woo
465,Oliver Stone
466,Jim Abrahams
467,Julianna Lavin
468,Christopher Monger
469,Bille August
470,Eric Meza
471,Joel Coen
472,James L. Brooks
473,Daniel Petrie Jr
474,Wolfgang Petersen
475,Jim Sheridan
476,Matty Rich
477,Brian Gibson
478,Barry Levinson
479,Stephen Hopkins
480,Steven Spielberg
481,Dominic Sena
482,Roger Avary
483,Steven Soderbergh
484,Daniel Petrie
485,John McTiernan
486,James Lapine
487,Simon Wincer
488,Graham Kitchener
489,JRichard Benjamin
490,Harold Becker
491,Mel Gibson
492,Woody Allen
493,Albert Hughes
494,Stuart Baird
495,Nagisa Oshima
496,Tom Noonan
497,Kenneth Branagh
498,Mike Figgis
499,Anthony Minghella
500,Chris Columbus
501,Mike Leigh
502,Christopher Cain
503,Michael Tolkin
504,Martin Campbell
505,Rob Reiner
506,Sally Potter
507,Clint Eastwood
508,Jonathan Demme
509,Jane Campion
510,John Singleton
511,David S. Ward
512,Stuart Orme
513,Mel Smith
514,Ted Demme
515,James Ivory
516,Penny Marshall
517,Philip Kaufman
518,Alan Parker
519,Fred Dekker
520,Mel Brooks
521,Peter Medak
522,Geoffrey Wright
523,Victor Nunez
524,David Anspaugh
525,Tim Hunter
526,Cyril Collard
527,Steven Spielberg
528,Tony Scott
529,Steven Zaillian
530,Eric Weber
531,Agnieszka Holland
532,John Waters
533,Akira Kurosawa
534,Richard Attenborough
535,Robert Altman
536,Gillies MacKinnon
537,Yukihiko Tsutsumi
538,Fred Schepisi
539,Nora Ephron
540,Phillip Noyce
541,Philip Jackson
542,Steve Rash
543,Thomas Schlamme
544,Rowdy Herrington
545,Ferzan Ozpetek
547,Ernest R. Dickerson
548,Deran Sarafian
549,François Girard
550,Andrew Fleming
551,Henry Selick
552,Stephen Herek
553,George P. Cosmatos
555,Tony Scott
556,Stanley Kubrick
558,Pixote Hunt
559,Julie Delpy
560,Jennifer Warren
561,Jeff Fisher
562,Todd Solondz
563,Claude Berri
564,Hong-jin Na
565,Guillermo del Toro
566,Daniel Algrant
567,Pedro Almodóvar
568,Gurinder Chadha
569,Andrew Scheinman
570,Åke Sandgren
571,Richard Loncraine
572,Eva Sereny
573,Lina Wertmüller
574,David O. Russell
575,Penelope Spheeris
577,George Miller
579,Ricky Tognazzi
580,Michael Austin
581,Jeffrey Friedman
582,Mathieu Kassovitz
583,Nanni Moretti
585,Betty Thomas
586,Chris Columbus
587,Jerry Zucker
588,Ron Clements
589,James Cameron
590,Kevin Costner
591,Steve Cohen
592,Leslie H. Martinson
593,Jonathan Demme
594,David Hand
595,Gary Trousdale
596,Ben Sharpsteen
597,Garry Marshall
598,Yuri Mamin
599,Sam Peckinpah
600,C.M. Talkington
602,Jean Bach
603,Sam Weisman
605,Michael Hoffman
606,Bill Condon
608,Joel Coen
609,David R. Ellis
610,Gerald Potterton
611,Alan Smithee
612,Matt Reeves
613,Susanna White
614,Ryan Parrott
615,Franco Brusati
616,Wolfgang Reitherman
617,Pedro Almodóvar
618,Fernando Trueba
620,Werner Herzog
621,Andre Techine
623,Vern Oakley
624,Mika Kaurismäki
625,Mustafa Adouani
626,Martin Lawrence
627,Mats Bigert
628,Gregory Hoblit
629,Desmond Gumbs
630,Bruno Barreto
631,Larry Leker
632,Ken Loach
633,Hal Salwen
634,Jonathan R. Betuel
635,Richard Pearce
636,Maria Blom
637,Jonathan Lynn
638,Tim Sullivan (III)
639,Spike Lee
640,Jeremiah S. Chechik
641,Hervé Palud
643,Carlo Rola
645,Claude Sautet
647,Edward Zwick
648,J.J. Abrams
649,Fridrik Thor Fridriksson
650,Pen Densham
651,Sönke Wortmann
652,Cheol-su Park
653,Rob Cohen
655,Michael Verhoeven
656,Walter Hill
658,Richard Wherrett
659,René Clément
660,Kirsten Sheridan
661,Henry Selick
662,James Foley
663,Kelly Makin
664,Paul Mazursky
665,Emir Kusturica
666,Bo Widerberg
667,Alan Mehrez
668,Satyajit Ray
670,Satyajit Ray
671,Jim Mallon
673,Joe Pytka
674,Roger Vadim
678,George Hickenlooper
679,Peter Yates
680,Jean-Luc Godard
681,Bertrand Tavernier
682,Jim Jarmusch
683,Claude Chabrol
685,Randal Kleiser
687,Michael Blakemore
688,Simon Wincer
690,Margarethe von Trotta
691,Richard Benjamin
692,Norberto Barba
693,Eli Cohen
694,Robert Mandel
695,Clint Eastwood
696,Michael Winterbottom
697,Steven Baigelman
698,Zalman King
700,Gurinder Chadha
701,Stijn Coninx
702,John Woo
703,John Crowley
704,Dean Parisot
705,Tinto Brass
706,Steve Gomer
707,Lee Tamahori
708,Michael Lehmann
709,George Scribner
710,Tom DeCerchio
711,Alan Shapiro
712,Chantal Akerman
713,Betty Kaplan
714,Jim Jarmusch
715,Jean-Paul Rappeneau
716,Jack Hill
717,Manuel Gomez Pereira
718,Jean-Marie Poiré
719,Harold Ramis
720,Nick Park
722,Brett Thompson
724,Andrew Fleming
725,Reginald Hudlin
726,Lee Seung-ryeol
727,Robert Singer
728,John Schlesinger
729,Brothers Quay
730,Peter O'Fallon
731,Phil Joanou
733,Michael Bay
734,Harvey Miller
735,Michele Soavi
736,Jan de Bont
737,David Hogan
738,Maurice Pialat
741,Mamoru Oshii
742,Tom Holland
743,Rick Friedberg
744,Udayan Prasad
745,Nick Park
746,Abraham Polonsky
747,John Landis
748,David Twohy
750,Stanley Kubrick
751,Guy Maddin
753,John Irvin
754,Kevin James Dobson
755,Victor Saville
756,Helena Solberg
757,Kar Wai Wong
759,Freida Lee Mock
760,Joseph Vilsmaier
761,Pete Schuermann
762,Andrew Bergman
763,David Keating
764,Rob Reiner
765,Francis Ford Coppola
766,Mary Harron
767,Charles Matthau
769,Chris Hunt
771,Ari Libsker
774,Gaston Kaboré
775,Federico Fellini
778,Danny Boyle
779,Scott Winant
780,Roland Emmerich
781,Bernardo Bertolucci
782,Tony Scott
783,William Dieterle
784,Ben Stiller
785,Bobby Farrelly
786,Charles Russell
788,Tom Shadyac
789,María Luisa Bemberg
791,Yale Strom
792,Gyula Gazdag
793,Gerard Mordillat
795,Alexandre Rockwell
796,Christopher Larkin
798,Rob Cohen
799,Peter Jackson
800,David Semel
801,Bronwen Hughes
802,Jon Turteltaub
803,Nicole Holofcener
804,Edward Burns
805,Joel Schumacher
806,Michael Corrente
807,Eric Rohmer
808,Jay Roach
809,Kevin Hooks
810,Paul Michael Glaser
813,Howard Franklin
814,Mitch Marcus
815,Jaime Hellman
818,Arlene Sanford
820,Luis Buñuel
821,Alex Graves
823,Eric Rohmer
824,Werner Herzog
827,Manoel de Oliveira
828,Steve Barron
829,John Payson
830,Hugh Wilson
831,Nigel Finch
832,Ron Howard
833,Kenny Ortega
834,Doug Ellin
835,Annette Haywood-Carter
836,Andrew Davis
837,Danny DeVito
838,Diarmuid Lawrence
839,Tim Pope
840,Harry Winer
841,Georges Franju
842,Gilbert Adler
844,Yin Li
845,Ho Yim
846,Hal Hartley
847,Marcus De Leon
848,Lee David Zlotoff
849,John Carpenter
850,Tran Anh Hung
851,Maciej Dutkiewicz
852,Ron Shelton
853,Fred Schepisi
858,Francis Ford Coppola
860,Sönke Wortmann
861,Stanley Tong
862,Lisa Krueger
864,Robert Schwentke
865,Gillies MacKinnon
866,Larry and Andy Wachowski
867,Arthur Hiller
868,John Ruane
869,Robert Altman
870,Christopher Cain
872,Tsai Ming-Liang
875,Steve Oedekerk
876,Stanley Tong
877,Jim McKay
879,Peter Hyams
880,John Frankenheimer
881,David M. Evans
882,David Koepp
884,Joseph Sargent
885,Peter Hewitt
886,Paul Hunter
887,Nick Hamm
888,Roy Allen Smith
889,Michael Mann
891,Joe Chappelle
892,Trevor Nunn
893,Keith Gordon
896,Andre Techine
897,Sam Wood
898,George Cukor
899,Stanley Donen
900,Vincente Minnelli
901,Stanley Donen
902,Blake Edwards
903,Alfred Hitchcock
904,Alfred Hitchcock
905,Frank Capra
906,Thorold Dickinson
907,Mark Sandrich
908,Alfred Hitchcock
909,Billy Wilder
910,Billy Wilder
911,Stanley Donen
912,Michael Curtiz
913,John Huston
914,George Cukor
915,Billy Wilder
916,William Wyler
917,Alfonso Cuarón
918,Vincente Minnelli
919,Richard Thorpe
920,George Cukor
921,Richard Benjamin
922,Billy Wilder
923,Orson Welles
924,Stanley Kubrick
925,Mitchell Leisen
926,Joseph L. Mankiewicz
927,Diane English
928,Alfred Hitchcock
929,Alfred Hitchcock
930,George Tillman Jr.
931,Alfred Hitchcock
932,Leo McCarey
933,Alfred Hitchcock
934,Charles Shyer
935,Vincente Minnelli
936,Ernst Lubitsch
937,Billy Wilder
938,Vincente Minnelli
939,Vincente Minnelli
940,Michael Curtiz
941,Martin Campbell
942,Otto Preminger
943,Joseph L. Mankiewicz
944,Frank Capra
945,Mark Sandrich
946,Ernst Lubitsch
947,Gregory La Cava
948,George Stevens
949,Elia Kazan
950,W.S. Van Dyke
951,Howard Hawks
952,Frank Coraci
953,Frank Capra
954,Frank Popper
955,Howard Hawks
956,George Stevens
957,Roland Joffé
958,William A. Wellman
959,John Cromwell
960,Archie Mayo
961,John Cromwell
963,Henry Koster
964,James Edward Grant
965,Alfred Hitchcock
966,Abbas-Mustan
967,Michael K. Harris
968,George A. Romero
969,John Huston
970,John Huston
971,Richard Brooks I
972,Richard Brooks (VI)
973,Frank Capra
974,Gillo Pontecorvo
976,Frank Borzage
980,Corey Yuen
981,Nicholas Ray
982,Joshua Logan
983,Chris Newby
984,Richard Schenkman
986,Carroll Ballard
987,Lance Young
988,Allison Anders
989,Joseph Vilsmaier
990,Ringo Lam
991,Neil Jordan
992,Amy Holden Jones
993,Matthew Broderick
994,Stanley Tucci
996,Walter Hill
997,Robert M. Young
998,F. Gary Gray
999,John Herzfeld
1000,Reb Braddock
1001,Donald Petrie
1002,John Walsh
1003,Michael Apted
1004,John Gray
1005,Robert Lieberman
1006,James Foley
1007,Norman Tokar
1008,Norman Foster
1009,John Hough
1010,Robert Stevenson
1011,Robert Stevenson
1012,Robert Stevenson
1013,Nancy Meyers
1014,David Swift (II)
1015,Duwayne Dunham
1016,Brian Robbins
1017,Ken Annakin
1018,Bob Spiers
1019,Richard Fleischer
1020,Jon Turteltaub
1021,Clarence Brown
1022,Hamilton Luske
1023,Wolfgang Reitherman
1024,Norman Ferguson
1025,Wolfgang Reitherman
1026,Harold D. Schuster
1027,Kevin Reynolds
1028,Robert Stevenson
1029,Ben Sharpsteen
1030,Don Chaffey
1031,Robert Stevenson
1032,Wilfred Jackson
1033,Ted Berman
1034,Matthew Bright
1035,Robert Wise
1036,John McTiernan
1037,Brett Leonard
1038,Nick Cassavetes
1039,Iara Lee
1040,Alfred Hitchcock
1041,Mike Leigh
1042,Tom Hanks
1043,Michael Pressman
1044,James Ivory
1045,George Pappas
1046,Hettie MacDonald
1047,Renny Harlin
1049,Stephen Hopkins
1050,Al Pacino
1051,Steve Buscemi
1053,John McNaughton
1054,Spike Lee
1055,Vic Armstrong (II)
1056,Michael Winterbottom
1057,Woody Allen
1058,Leon Ichaso
1059,Alexandre Tarta
1060,Doug Liman
1061,Barry Levinson
1062,Michael Cimino
1063,Steven Spielberg
1064,Tad Stones
1066,Peter Chelsom
1067,George Stevens
1068,Edward Dmytryk
1069,Edward Dmytryk
1070,Josef von Sternberg
1071,Aaron Kim Johnston
1073,Mel Stuart
1076,Jack Clayton
1077,Woody Allen
1078,Woody Allen
1079,John Cleese
1080,Terry Jones
1081,Blake Edwards
1082,John Frankenheimer
1083,Blake Edwards
1084,Arthur Penn
1085,John Sturges
1086,Alfred Hitchcock
1087,Graham Kitchener
1088,Emile Ardolino
1089,Quentin Tarantino
1090,Oliver Stone
1091,Ted Kotcheff
1092,Paul Verhoeven
1093,Oliver Stone
1094,Neil Jordan
1095,James Foley
1096,Alan J. Pakula
1097,Steven Spielberg
1098,Sam Henry Kass
1099,Pierre Boutron
1100,Tony Scott
1101,Geoffrey G. Bowers
1102,Michael Covert
1103,Nicholas Ray
1104,Elia Kazan
1105,Greg Spence
1107,Amy Heckerling
1111,Claude Nuridsany
1112,Alan Taylor
1113,Donald Petrie
1114,Abel Ferrara
1115,Joe Nussbaum
1116,Benoît Jacquot
1117,Jaco Van Dormael
1119,Paul Thomas Anderson
1120,Milos Forman
1121,Rich Wilkes
1123,Bill Clinton
1124,Mark Rydell
1125,Blake Edwards
1126,Ate de Jong
1127,James Cameron
1128,Rupert Wainwright
1129,John Carpenter
1130,Joe Dante
1131,Claude Berri
1132,Claude Berri
1133,Bill Condon
1135,Howard Zieff
1136,Ian MacNaughton
1137,Bruce Labruce
1138,Russ Hexter
1139,Sharon Pollack
1140,Michael Ray Rhodes
1142,Tommy O'Haver
1143,Raoul Ruiz
1144,Susan Warms Dryfoos
1146,John L'Ecuyer
1147,Leon Gast
1148,Nick Park
1149,Jean-Luc Godard
1150,Daniel Vigne
1151,Brian Yuzna
1152,Alfred L. Werker
1153,John Irvin
1154,Anthony Mann
1156,Vittorio De Sica
1157,Jean Delannoy
1161,Volker Schlöndorff
1162,Peter Medak
1163,Martine Dugowson
1164,Jean-Luc Godard
1167,Garry Marshall
1168,Eric Red
1169,Simcha Jacobovici
1170,Phillip Rhee
1171,Tim Robbins
1172,Giuseppe Tornatore
1173,Peter Greenaway
1174,Michel Blanc
1175,Marc Caro
1176,Krzysztof Kieslowski
1177,Mike Newell
1178,Stanley Kubrick
1179,Stephen Frears
1180,Peter Chelsom
1183,Anthony Minghella
1184,Gabriele Salvatores
1185,Jim Sheridan
1186,Steven Soderbergh
1187,John Sayles
1188,Pierre Trividic
1189,Errol Morris
1190,Pedro Almodóvar
1191,Alek Keshishian
1192,Jennie Livingston
1193,Milos Forman
1194,Lou Adler
1196,Irvin Kershner
1197,Rob Reiner
1198,Mike Nawrocki
1199,Terry Gilliam
1200,James Cameron
1201,Sergio Leone
1202,Bruce Robinson
1203,Sidney Lumet
1204,David Lean
1206,Stanley Kubrick
1207,Robert Mulligan
1208,Francis Ford Coppola
1209,Sergio Leone
1210,Richard Marquand
1211,Wim Wenders
1212,Carol Reed
1213,Martin Scorsese
1214,Jeff Cochran
1215,Sam Raimi
1216,Luc Besson
1217,Akira Kurosawa
1218,John Woo
1219,Alfred Hitchcock
1220,John Landis
1221,Francis Ford Coppola
1222,Stanley Kubrick
1223,Nick Park
1224,Kenneth Branagh
1225,Milos Forman
1226,John Ford
1227,Sergio Leone
1228,Martin Scorsese
1230,Woody Allen
1231,Philip Kaufman
1232,Andrei Tarkovsky
1233,Wolfgang Petersen
1234,George Roy Hill
1235,Hal Ashby
1236,Bart Freundlich
1237,Ingmar Bergman
1238,Bill Forsyth
1240,McG
1241,Peter Jackson
1242,Edward Zwick
1243,Tom Stoppard
1244,Woody Allen
1245,Joel Coen
1246,Peter Weir
1247,Mike Nichols
1248,James A. Contner
1250,David Lean
1251,Federico Fellini
1252,Roman Polanski
1253,Robert Wise
1254,John Huston
1255,Peter Jackson
1256,Leo McCarey
1257,Savage Steve Holland
1258,Stanley Kubrick
1259,Rob Reiner
1260,Fritz Lang
1261,Sam Raimi
1262,Francisco Perez Dolz
1263,Michael Cimino
1264,Jean-Jacques Beineix
1265,Harold Ramis
1266,Clint Eastwood
1267,John Frankenheimer
1268,Allan Moyle
1269,Frank Capra
1270,Robert Zemeckis
1271,Jon Avnet
1272,Franklin J. Schaffner
1273,Jim Jarmusch
1274,Katsuhiro Ôtomo
1275,Russell Mulcahy
1276,Stuart Rosenberg
1277,Michael Gordon
1278,Mel Brooks
1279,Jim Jarmusch
1280,Yimou Zhang
1281,Charles Chaplin
1282,James Algar
1283,Fred Zinnemann
1284,Howard Hawks
1285,Michael Lehmann
1286,Jeannot Szwarc
1287,William Wyler
1288,Rob Reiner
1289,Godfrey Reggio
1290,Howard Deutch
1291,Steven Spielberg
1292,Hal Ashby
1293,Richard Attenborough
1295,Philip Kaufman
1296,James Ivory
1297,Martha Coolidge
1298,Alan Parker
1299,Roland Joffé
1300,Lasse Hallström
1301,Fred M. Wilcox
1302,Phil Alden Robinson
1303,John Huston
1304,George Roy Hill
1305,Wim Wenders
1306,Wim Wenders
1307,Rob Reiner
1310,Doug Pray
1311,John Murlowski
1312,Susan Streitfeld
1313,Larry Bishop
1314,John Suits
1317,Herb Gardner
1318,Carl Prechezer
1320,David Fincher
1321,John Landis
1322,Tony Randel
1323,Richard Fleischer
1324,Steve White
1325,John Murlowski
1326,Damiano Damiani
1327,Andrew Douglas
1328,Tom Berry
1329,Antonio Margheriti
1330,Mitchell Altieri
1331,Robert Wise
1332,Daniel Myrick
1333,Alfred Hitchcock
1334,Chuck Russell
1335,Jeffrey Bloom
1336,Eric Red
1337,Don Siegel
1339,Tod Browning
1340,James Whale
1341,Dan Curtis
1342,Bernard Rose
1343,Martin Scorsese
1344,Martin Scorsese
1345,Brian DePalma
1346,Paul Schrader
1347,Wes Craven
1348,F.W. Murnau
1349,Augusto Caminito
1350,Richard Donner
1351,Bob Rafelson
1352,Kevin Spacey
1353,Barbara Streisand
1354,Lars von Trier
1355,Timur Bekmambetov
1356,Jonathan Frakes
1357,Scott Hicks
1358,Billy Bob Thornton
1359,Brian Levant
1361,Bruce Sinofsky
1363,Penny Marshall
1364,Hans Petter Moland
1365,Patrice Leconte
1366,Nicholas Hytner
1367,Clyde Geronimi
1369,Claire Denis
1370,John McTiernan
1371,Robert Wise
1372,Nicholas Meyer
1373,William Shatner
1374,Nicholas Meyer
1375,Leonard Nimoy
1376,Leonard Nimoy
1377,Tim Burton
1378,Christopher Cain
1379,Geoff Murphy
1380,Randal Kleiser
1381,Randal Kleiser
1382,Dwight H. Little
1383,Albert Pyun
1384,Daniel J. Sullivan
1385,Andrew Davis
1386,Joseph H. Lewis
1387,Steven Spielberg
1388,Steven Spielberg
1389,Joe Alves
1390,Peter Segal
1391,Tim Burton
1392,Alexander Payne
1393,Cameron Crowe
1394,Joel Coen
1395,Barry Levinson
1396,Phil Alden Robinson
1397,Anjelica Huston
1398,Richard Attenborough
1399,Jerry Zaks
1401,Rob Reiner
1404,Sidney Lumet
1405,Mike Judge
1406,Claude Chabrol
1407,Wes Craven
1408,Michael Mann
1409,Tony Gilroy
1410,Robert Harling
1411,Kenneth Branagh
1412,Bill Whelan
1413,Dan Ireland
1414,Roger Michell
1415,Andre Techine
1416,Alan Parker
1417,Jane Campion
1419,Nicolas Roeg
1420,Murray Lerner
1421,Jerry Garcia
1422,Dwight H. Little
1423,Peter Davis
1425,Fred Schepisi
1426,George Miller
1427,Robert Butler
1428,Michael Rymer
1429,Stanley Tong
1430,Len Wiseman
1431,Dennis Dugan
1432,Thomas Carter (II)
1433,Simon Wells
1434,Bryan Bertino
1437,Andrew Birkin
1438,Roger Donaldson
1439,Peter Baldwin
1440,E. Max Frye
1441,Jeremiah Chechik
1442,Steve James
1444,Juan Carlos Tabío
1445,Bryan Spicer
1446,Jan Sverák
1447,Vondie CurtisHall
1449,Christopher Guest
1450,Sergey Bodrov
1453,Ken Kwapis
1454,Richard Linklater
1455,Craig Rosenberg
1456,Paul Miller
1457,Andy Tennant
1458,Paul Schrader
1459,Clint Eastwood
1460,Bob Spiers
1461,Stephen Kessler
1463,Carl Reiner
1464,David Lynch
1465,John Singleton
1466,Mike Newell
1468,Jeff Pollack
1471,Mark Christopher
1472,John Irvin
1473,Alfonso Cuarón
1474,John Pasquin
1475,Mira Nair
1476,Elwood Perez
1477,Theodore Witcher
1479,Phillip Noyce
1480,Bille August
1482,Thorkranong Sirchua
1483,Paul Haggis
1484,Greg Mottola
1485,Tom Shadyac
1486,Rolf de Heer
1487,Gregory Nava
1488,Alan J. Pakula
1489,Mark Dindal
1490,Robert Townsend
1493,Emma-Kate Croghan
1495,David Winning
1496,Clarence Brown
1497,Dennis Rodman
1498,Pat O'Connor
1499,Luis Llosa
1500,George Armitage
1501,Leslie Greif
1502,Gordon Hessler
1503,Tom Schulman
1504,Angela Pope
1507,Bruce Beresford
1508,Robert Schwentke
1509,Robert Cuffley
1510,Seth Zvi Rosenfeld
1511,Nana Dzhordzhadze
1513,David Mirkin
1514,Chen Kaige
1515,Mick Jackson
1516,Peter Duncan
1517,Jay Roach
1518,Pedro Almodóvar
1519,Zoe R. Cassavetes
1520,Cecil B. DeMille
1522,Mo Ogrodnik
1523,Kiefer Sutherland
1525,Ronny Yu
1526,Ivan Reitman
1527,Luc Besson
1528,Philip Goodhew
1529,Caroline Link
1531,Kevin Bacon
1532,Rusty Cundieff
1533,Jean-Pierre Dardenne
1534,Agnès Varda
1535,Joe Mantello
1537,Masayuki Suo
1538,Duncan McLachlan
1539,Kevin Allen
1541,Griffin Dunne
1542,Mark Herman
1543,David Hare
1544,Steven Spielberg
1545,Jacques Doillon
1546,Steven Soderbergh
1547,Sandy Tung
1548,Andy Cadiff
1549,Clare Peploe
1550,Jonathan Lynn
1551,Caroline Thompson
1552,Simon West
1554,Peter Greenaway
1555,Laetitia Masson
1556,Jan de Bont
1558,Adrienne Shelly
1561,Dana Lustig
1562,Lambert Hillyer
1563,Finn Taylor
1564,Paul Weiland
1565,Kum-Kum Bhavnani
1566,John Musker
1567,Stephen Kay
1568,Gary Nelson
1569,P.J. Hogan
1570,Shinya Tsukamoto
1571,Cédric Klapisch
1572,Jean-Luc Godard
1573,John Woo
1574,Tarsem Singh
1575,Mohsen Makhmalbaf
1580,Barry Sonnenfeld
1581,Martha Coolidge
1582,William Dear
1583,Michael Ritchie
1584,Robert Zemeckis
1585,Shirley Barrett
1586,Director Ridley Scott
1587,John Milius
1588,Sam Weisman
1589,James Mangold
1590,Paul W.S. Anderson
1591,Mark Dippe
1592,Charles Martin Smith
1593,Glenn Gordon Caron
1594,Neil LaBute
1595,Sam Pillsbury
1596,Mike Leigh
1597,Richard Donner
1598,Barbet Schroeder
1599,Herbert Ross
1600,Nick Cassavetes
1601,Bill Duke
1602,Andy Cadiff
1603,Guillermo del Toro
1604,Brett Ratner
1605,Marco Brambilla
1606,John Nicolella
1608,Wolfgang Petersen
1609,Kevin Reynolds
1610,John McTiernan
1611,Gus Van Sant
1612,Tony Vitale
1613,Miguel Arteta
1614,Frank Oz
1615,Lee Tamahori
1616,Mimi Leder
1617,Curtis Hanson
1619,Jean-Jacques Annud
1620,Gary Fleder
1621,George Tillman Jr.
1622,Matthew Harrison
1623,Robert Kurtzman
1624,Jocelyn Moorhouse
1625,David Fincher
1626,Félix Enríquez Alcalá
1627,Oliver Stone
1628,John Schlesinger
1629,Mark Joffe
1631,Christian Duguay
1632,Marian Terlecki
1633,Victor Nunez
1635,Ang Lee
1636,Gavin Wilding
1639,Kevin Smith
1640,Lionel C. Martin
1641,Peter Cattaneo
1642,Nancy Meckler
1643,John Madden
1644,Jim Gillespie
1645,Taylor Hackford
1646,Stuart Gillard
1647,Andy Wilson (IV)
1648,Mark Waters (VIII)
1649,Errol Morris
1650,Agnieszka Holland
1651,Guy Ferland
1652,Jim Jarmusch
1653,Andrew Niccol
1654,Charles Sturridge
1655,Joel Schumacher
1656,Beeban Kidron
1657,James Cox
1658,Danny Boyle
1659,Norman Jewison
1660,Kasi Lemmons
1661,Jeb Stuart
1662,Jim Kouf
1663,Ivan Reitman
1665,Mel Smith
1666,Robert Downey Sr.
1667,Costa-Gavras
1668,Mike Figgis
1669,Sally Potter
1670,Michael Winterbottom
1671,Jonas Pate
1672,Francis Ford Coppola
1673,Paul Thomas Anderson
1674,Peter Weir
1675,John Badham
1676,Paul Verhoeven
1677,Sidney Lumet
1678,Wayne Wang
1679,Alex Zamm
1680,Peter Howitt
1681,John R. Leonetti
1682,Peter Weir
1683,Iain Softley
1684,Marleen Gorris
1685,Billy Hopkins
1686,Jon Avnet
1687,Michael Caton-Jones
1688,Don Bluth
1689,Jon Amiel
1690,David Fincher
1692,Scott Harris
1693,Steven Spielberg
1694,Robert Duvall
1695,Agnès Merlet
1696,Sean Mathias
1698,Louis Saïa
1699,Neil Jordan
1701,Woody Allen
1702,Les Mayfield
1703,Bryan Spicer
1704,Gus Van Sant
1707,Raja Gosnell
1708,Joel Ben Marsden
1709,Monika Harris
1710,Martin Kitrosser
1711,Clint Eastwood
1713,Gore Verbinski
1714,Stephen Kijak
1715,Cindy Sherman
1716,David Rocksavage
1717,Wes Craven
1719,Atom Egoyan
1720,Bret McCormick
1721,James Cameron
1722,Roger Spottiswoode
1723,Philip Kaufman
1725,Richard Friedenberg
1726,Kevin Costner
1727,Robert Redford
1728,Alan Rickman
1729,Quentin Tarantino
1730,Martin Scorsese
1731,Stanley Tong
1732,Joel Coen
1733,Alan Rudolph
1734,Alain Berliner
1735,Alfonso Cuarón
1739,Sean McNamara
1740,George Mendeluk
1742,Darin Scott
1743,Joseph Dorman
1744,Dean Semler
1746,Penelope Spheeris
1747,Barry Levinson
1748,Alex Proyas
1749,John Duigan
1750,Manny Coto
1752,Michael Waxman
1753,Tamra Davis
1754,Gregory Hoblit
1755,Stefan Schwartz
1756,Greg Spence
1757,Kar Wai Wong
1759,Bruno Barreto
1760,Bob Spiers
1762,Stephen Sommers
1765,Bret Michaels
1767,Charlie Peters
1769,Antoine Fuqua
1770,Michael Radford
1771,Mark Pavia
1772,John Landis
1773,Shinya Tsukamoto
1774,John Boorman
1776,John Dahl
1777,Frank Coraci
1779,Barry Levinson
1780,Michael Paxton
1781,Robert Dornhelm
1782,Roberto Benabib
1783,Volker Schlöndorff
1784,James L. Brooks
1785,Abel Ferrara
1788,John Sayles
1789,Rupert Wainwright
1791,Catherine Hardwicke
1792,Stuart Baird
1793,Stephan Elliott
1794,Richard Kwietniowski
1795,Jorge Fons
1796,Zalman King
1797,David Breashears
1798,Jonathan Darby
1799,Peter O'Fallon
1801,Randall Wallace
1804,Richard Linklater
1805,Spike Jonze
1806,John Roberts
1807,John N. Smith
1809,Takeshi Kitano
1810,Mike Nichols
1811,Henry Hathaway
1812,M. Night Shyamalan
1814,Boaz Yakin
1815,Elia Kazan
1816,James Toback
1817,Blythe Danner
1819,Jonathan Demme
1820,John Hillcoat
1821,Nicholas Hytner
1822,Steve Boyum
1824,Stephen Gyllenhaal
1825,Ice Cube
1826,Steve Gomer
1827,Penny Marshall
1829,Wayne Wang
1831,Stephen Hopkins
1832,Craig Lahiff
1833,Harold Becker
1834,David Mamet
1835,Guy Crawford
1836,Whit Stillman
1837,Howard Deutch
1839,Michael Lehmann
1840,Spike Lee
1841,Robert Altman
1842,Nick Gomez
1843,Barnet Kellman
1844,Pedro Almodóvar
1845,Jake Kasdan
1846,Gary Oldman
1848,Peter Hewitt
1849,Henry Hathaway
1850,Julie Davis
1851,David DeCoteau
1853,Alan Smithee
1854,Doug Ellin
1855,Todd Holland
1856,Nick Broomfield
1857,Tom DiCillo
1858,Sammo Hung Kam-Bo
1859,Abbas Kiarostami
1860,Mike van Diem
1861,Paul Sletaune
1862,Peter Medak
1863,John Warren
1864,Larry David
1865,Barbara Kopple
1866,Kirk Wong
1867,Carl Schenkel
1869,Kevin Hooks
1870,Tim McCanlies
1871,Leonid Boyko
1872,Danny Boyle
1873,Bille August
1874,James F. Robinson
1875,Jill Sprecher
1876,Mimi Leder
1877,Rodney Gibbons
1878,John Woo
1879,Thom Fitzgerald
1880,John Duigan
1881,Frederik Du Chau
1882,Roland Emmerich
1883,Warren Beatty
1884,Terry Gilliam
1885,Don Roos
1886,Michael Martin
1887,Christopher Guest
1888,Forest Whitaker
1889,Christopher Nolan
1890,Antonio Tibaldi
1891,David McNally (II)
1892,Andrew Davis
1893,Caroline Link
1894,Ivan Reitman
1895,Deborah Kaplan
1896,Des McAnuff
1897,Lisa Cholodenko
1898,David Leland
1899,Lavinia Currier
1900,Majid Majidi
1901,Tim Kirkman
1902,Tiffanie DeBartolo
1903,Christopher Scott Cherot
1904,Hal Hartley
1906,Noah Baumbach
1907,Tony Bancroft
1908,Marc Evans
1909,Rob Bowman
1910,Paddy Breathnach
1911,Betty Thomas
1912,Steven Soderbergh
1913,Peter Weir
1914,Chris Eyre
1915,Manoel de Oliveira
1916,Vincent Gallo
1917,Michael Bay
1918,Richard Donner
1919,Daisy von Scherler Mayer
1920,Joe Dante
1921,Darren Aronofsky
1922,Robert Aldrich
1923,Rob King
1924,Edward D. Wood Jr.
1925,Wim Wenders
1926,Harry Beaumont
1927,Lewis Milestone
1928,Kelly Asbury
1929,Edmund Goulding
1930,Frank Lloyd
1931,Frank Lloyd
1932,Robert Z. Leonard
1933,William Dieterle
1934,Frank Capra
1935,John Ford
1936,William Wyler
1937,Leo McCarey
1938,Billy Wilder
1939,William Wyler
1940,Elia Kazan
1941,Kenneth Branagh
1942,Steven Zaillian
1943,Cecil B. DeMille
1944,Fred Zinnemann
1945,Elia Kazan
1946,Robert Zemeckis
1947,Jerome Robbins
1948,Tony Richardson
1949,Fred Zinnemann
1950,Norman Jewison
1951,Carol Reed
1952,John Schlesinger
1953,William Friedkin
1954,John G. Avildsen
1955,Robert Benton
1956,Robert Redford
1957,Hugh Hudson
1958,James L. Brooks
1959,Sydney Pollack
1960,Bernardo Bertolucci
1961,Barry Levinson
1962,Bruce Beresford
1963,Woody Allen
1964,Alan J. Pakula
1965,Alex Cox
1966,Whit Stillman
1967,Jim Henson
1968,John Hughes
1969,Jack Sholder
1970,Chuck Russell
1971,Renny Harlin
1972,Stephen Hopkins
1973,Rachel Talalay
1974,Sean S. Cunningham
1975,Steve Miner
1976,Steve Miner
1977,Joseph Zito
1978,Danny Steinmann
1979,Tom McLoughlin
1980,John Carl Buechler
1981,Rob Hedden
1982,Rob Zombie
1983,Rick Rosenthal
1984,Tommy Lee Wallace
1985,Dwight H. Little
1986,Dominique Othenin-Girard
1987,Nelson McCormick
1988,Bruce Pittman
1989,Ron Oliver
1990,Clay Borris
1991,Ronny Yu
1992,John Lafia
1993,Jack Bender
1994,Tobe Hooper
1995,Brian Gibson
1996,Gary A. Sherman
1997,William Friedkin
1998,John Boorman
1999,William Peter Blatty
2000,Richard Donner
2001,Richard Donner
2002,Richard Donner
2003,Joe Dante
2004,Joe Dante
2005,Richard Donner
2006,Martin Campbell
2007,Theresa Connelly
2008,Michael Oblowitz
2009,Richard Fleischer
2010,Fritz Lang
2011,Robert Zemeckis
2012,Robert Zemeckis
2013,Ronald Neame
2014,Mark Waters (VIII)
2015,Robert Stevenson
2016,Vincent McEveety
2017,Charley Rogers
2018,David Hand
2019,Akira Kurosawa
2020,Stephen Frears
2021,David Lynch
2022,Martin Scorsese
2023,Francis Ford Coppola
2024,Michael Tolkin
2025,Stanley Kubrick
2026,David Nutter
2027,Jim Abrahams
2028,Steven Spielberg
2029,Tommy O'Haver
2030,Zhang Yuan
2031,Vincent McEveety
2032,Robert Butler
2033,Ted Berman
2034,Gary Nelson
2035,Robert Stevenson
2036,Rupert Wainwright
2037,Norman Tokar
2038,Norman Tokar
2039,Jeff Blyth
2040,Robert Butler
2041,Charles Jarrott
2042,Sam Weisman
2043,Robert Stevenson
2044,Steven Hilliard Stern
2045,Mikael Salomon
2046,Randal Kleiser
2047,Robert Stevenson
2048,Ron Clements
2049,Norman Tokar
2050,Vincent McEveety
2051,Vincent McEveety
2052,Kenny Ortega
2053,Randal Kleiser
2054,Joe Johnston
2055,Robert Butler
2056,Robert Stevenson
2057,Duwayne Dunham
2058,Katsuyuki Motohiro
2059,Nancy Meyers
2060,David Zucker
2061,Sarah Kelly
2062,Sandra Goldbacher
2063,Benoît Jacquot
2064,Michael Moore
2065,Woody Allen
2066,Jacques Tourneur
2067,David Lean
2068,Ingmar Bergman
2069,Peter Masterson
2070,Bruce Beresford
2071,Roger Spottiswoode
2072,Joe Dante
2073,Kevin Reynolds
2074,Liliana Cavani
2075,István Szabó
2076,David Lynch
2077,Jeremy Kagan
2078,Wolfgang Reitherman
2079,Sanjay Gadhvi
2080,Clyde Geronimi
2081,John Musker
2082,Stephen Herek
2083,Brian Henson
2084,Kenny Ortega
2085,Clyde Geronimi
2086,Phillip Borsos
2087,P.J. Hogan
2088,Robert Altman
2089,Mike Gabriel
2090,John Lounsbery
2091,Andy Fickman
2092,Toby Shelton
2093,Walter Murch
2094,Joe Johnston
2095,Robert Stevenson
2096,Clyde Geronimi
2097,Jack Clayton
2098,Robert Stevenson
2099,Harve Foster
2100,Ron Howard
2101,Xavier Koller
2102,Walt Disney
2103,Ernie Orsatti (II)
2104,Tim Hunter
2105,Steven Lisberger
2106,Thomas Carter (II)
2107,Steve Miner
2108,Mick Jackson
2109,Carl Reiner
2110,Carl Reiner
2111,Carl Reiner
2112,Lawrence Kasdan
2113,Ralph S. Singleton
2114,Francis Ford Coppola
2115,Steven Spielberg
2116,Peter Jackson
2117,Michael Radford
2119,Stephen King
2120,Fraser Clarke Heston
2121,Lewis Teague
2122,Fritz Kiersch
2124,Barry Sonnenfeld
2125,Andy Tennant
2126,Brian DePalma
2127,Jesse Peretz
2128,John Hamburg
2129,Ulrike Koch
2130,Louis Malle
2131,Ingmar Bergman
2132,Mike Nichols
2133,Chris Columbus
2134,John Hughes
2135,Betty Thomas
2136,Tom Shadyac
2137,Gary Winick
2138,Martin Rosen
2139,Don Bluth
2140,Jim Henson
2141,Don Bluth
2142,Phil Nibbelink
2143,Director Ridley Scott
2144,John Hughes
2145,Howard Deutch
2146,Joel Schumacher
2147,Michael Chapman
2148,Peter O'Fallon
2149,Ethan Wiley
2150,Jamie Uys
2151,Jamie Uys
2152,Richard Martin
2154,Kevin Rodney Sullivan
2155,Tamara Jenkins
2156,Pupi Avati
2157,Bigas Luna
2158,Chuck Parello
2159,John McNaughton
2160,Don Hawks
2161,Peter MacDonald
2162,George Miller
2163,John De Bello
2164,Peter George
2165,Neil LaBute
2166,Joseph Ruben
2167,Stephen Norrington
2168,Randa Haines
2169,Alan Cohn
2170,Pat Proft
2171,Brad Anderson
2172,Sarah Kernochan
2173,Vincent Ward
2174,Tim Burton
2175,Tony Scott
2176,Alfred Hitchcock
2177,Alfred Hitchcock
2178,Alfred Hitchcock
2179,Alfred Hitchcock
2180,Alfred Hitchcock
2181,Alfred Hitchcock
2182,Alfred Hitchcock
2183,Alfred Hitchcock
2184,Alfred Hitchcock
2185,Alfred Hitchcock
2186,Alfred Hitchcock
2187,Alfred Hitchcock
2188,Mark Christopher
2189,Bill Plympton
2190,Gregory Nava
2191,Robert Bierman
2192,François Ozon
2193,Ron Howard
2194,Brian DePalma
2195,Bob Saget
2196,Hark Tsui
2197,William Nicholson
2199,Michael Akers
2200,Alfred Hitchcock
2201,Alfred Hitchcock
2202,Alfred Hitchcock
2203,Alfred Hitchcock
2204,Alfred Hitchcock
2205,Doug Liman
2206,Irwin Winkler
2207,Alfred Hitchcock
2208,Alfred Hitchcock
2209,Alfred Hitchcock
2210,Alfred Hitchcock
2211,Alfred Hitchcock
2212,Alfred Hitchcock
2214,Alfred Hitchcock
2215,Alfred Hitchcock
2216,Alfred Hitchcock
2218,Alfred Hitchcock
2219,Andrew Davis
2220,Alfred Hitchcock
2221,Alfred Hitchcock
2222,Alfred Hitchcock
2223,David Sutherland
2225,Stephan Elliott
2226,Gore Verbinski
2227,David Ondaatje
2229,Alfred Hitchcock
2231,John Dahl
2232,Vincenzo Natali
2233,Timothy Hutton
2234,Bill Condon
2235,Lance Hool
2236,Mark Johnson
2237,Robert Towne
2238,Lina Wertmüller
2239,Lina Wertmüller
2240,Tony Bill
2241,Lewis John Carlino
2242,Randal Kleiser
2243,James L. Brooks
2244,Tamar Simon Hoffs
2245,Mike Nichols
2246,Pat O'Connor
2247,Jonathan Demme
2248,Cameron Crowe
2249,Herbert Ross
2250,Paul Brickman
2251,Peter Sellars
2252,Selwyn Roberts
2253,Barry Levinson
2255,Garry Marshall
2256,Andrew Prendergast
2257,Jerry Schatzberg
2258,Chia-Liang Liu
2259,Stanley Donen
2260,Madonna
2261,Savage Steve Holland
2262,Don McKellar
2263,Carl Schultz
2264,Neil Jordan
2265,Dan Aykroyd
2266,Terry Hughes
2267,Alan Rudolph
2268,Rob Reiner
2269,Adrian Lyne
2270,Caroline Thomas
2271,David Veloz
2272,Carl Franklin
2273,Brett Ratner
2275,Lance Mungia
2276,James Ivory
2278,John Frankenheimer
2279,Jamie Blanks
2280,David Dobkin
2281,Ted Demme
2282,John Waters
2283,Bernardo Bertolucci
2284,Shekhar Kapur
2285,Lindsay Anderson
2286,Piers Haggard
2287,David Moreau
2288,Nanni Moretti
2289,Robert Altman
2290,Woody Allen
2291,Tim Burton
2292,Jason Bloom
2293,Susanna Styron
2294,Eric Darnell
2295,Gary Fleder
2296,John Fortenberry
2297,Vincent Ward
2298,John Pieplow
2299,Charles Crichton
2300,Susan Stroman
2301,Mel Brooks
2302,Jonathan Lynn
2303,Robert Altman
2304,John Maybury
2305,Marc Levin
2306,Stephen Herek
2307,Bruno Barreto
2308,Arthur Marks
2310,Stephen Herek
2311,Peter Hyams
2312,Randa Haines
2313,David Lynch
2314,Jonathan Demme
2315,Ronny Yu
2316,Griffin Dunne
2317,Evan Dunsky
2318,Todd Solondz
2319,William Ryan
2320,Bryan Singer
2321,Gary Ross
2322,Paul W.S. Anderson
2323,Bryan Singer
2324,Roberto Benigni
2325,Trey Parker
2326,Raoul Ruiz
2327,John Harrison
2328,Neil Jordan
2329,Tony Kaye
2330,S.R. Bindler
2331,Richard LaGravenese
2332,Hype Williams
2333,Bill Condon
2334,Edward Zwick
2335,Frank Coraci
2336,Shekhar Kapur
2337,Todd Haynes
2338,Danny Cannon
2339,Arlene Sanford
2340,Martin Brest
2341,Pat O'Conner
2342,Bruce McDonald
2343,J. Todd Anderson
2344,Andrey Konchalovskiy
2345,Eugene Corr
2346,Frank Oz
2347,Michael Cimino
2348,Alex Cox
2349,Mike Newell
2350,James D. Parriott
2351,Federico Fellini
2352,Lawrence Kasdan
2353,Tony Scott
2354,Igor Kovalyov
2355,John Lasseter
2356,Woody Allen
2357,Walter Salles Jr.
2358,Peter Antonijevic
2359,Kirk Jones
2360,Thomas Vinterberg
2361,John Waters
2362,Daniel Davis [Edward D. Wood Jr.]
2363,Ishirô Honda
2364,Roland Emmerich
2365,Ishirô Honda
2366,Peter Jackson
2367,Peter Jackson
2368,Charles McCracken (II)
2369,Susan Seidelmun
2370,John Boorman
2371,Michael Ritchie
2372,Michael Ritchie
2373,Douglas Aarniokoski
2374,Ron Howard
2375,Richard Benjamin
2376,John Glen
2377,Tobe Hooper
2378,Hugh Wilson
2379,Jerry Paris
2380,Jerry Paris
2381,Jim Drake (II)
2382,Alan Myerson
2383,Peter Bonerz
2384,George Miller
2385,Dean Parisot
2386,Neil Abramson
2387,Peter Berg
2388,Ferzan Ozpetek
2389,Alfred Hitchcock
2390,Mark Herman
2391,Sam Raimi
2392,Troy Miller
2393,Jonathan Frakes
2394,Brenda Chapman
2395,Wes Anderson
2396,John Madden
2397,Glenn Jordan
2398,George Seaton
2399,Jeannot Szwarc
2400,John D. Hancock
2401,Clint Eastwood
2402,George P. Cosmatos
2403,Ted Kotcheff
2404,Peter MacDonald
2405,Lewis Teague
2406,Robert Zemeckis
2407,Ron Howard
2408,Daniel Petrie
2409,Sylvester Stallone
2410,Sylvester Stallone
2411,Sylvester Stallone
2412,John G. Avildsen
2413,Jonathan Lynn
2414,Barry Levinson
2415,Jack Fisk
2416,Alan Metter
2417,Mike Nichols
2418,Garry Marshall
2419,Robert M. Young
2420,John G. Avildsen
2421,John G. Avildsen
2422,John G. Avildsen
2423,Jeremiah S. Chechik
2424,Nora Ephron
2425,Clyde Bruckman
2426,Paul Greengrass
2427,Terrence Malick
2428,Robert Rodriguez
2429,Ron Underwood
2430,Ron Underwood
2431,Tom Shadyac
2432,Chris Columbus
2433,Steven Zaillian
2434,Maya Angelou
2435,Anthony Drazan
2436,Franco Zeffirelli
2437,Brian Gilbert
2439,Paul Schrader
2440,Larry Clark
2441,Stephen Frears
2442,Anand Tucker
2443,Willard Carroll
2444,Shane Meadows
2445,Irwin Winkler
2446,Darren Aronofsky
2447,Brian Robbins
2448,John Bruno
2449,Rodney Amateau
2450,Willard Huyck
2451,Roman Polanski
2452,Tibor Takács
2453,Nick Castle
2454,David Cronenberg
2455,David Cronenberg
2456,Chris Walas
2457,Wayne Kramer
2458,Mark L. Lester
2459,Marcus Nispel
2460,Tobe Hooper
2461,Jeff Burr
2462,Kim Henkel
2463,David Zucker
2464,Michael Dougherty
2465,Wes Craven
2466,Glen Pitre
2467,Jean-Jacques Annaud
2468,Penny Marshall
2469,Francis Ford Coppola
2470,Peter Faiman
2471,John Cornell
2472,Norman Mailer
2473,Steve Miner
2474,Martin Scorsese
2475,John Frankenheimer
2476,Clint Eastwood
2477,J. Lee Thompson
2478,John Landis
2479,Sidney Lumet
2480,Anne Fontaine
2481,Ken Loach
2482,Brian Gibson
2483,Alex de la Iglesia
2485,Robert Iscove
2486,Nancy Savoca
2487,Joe Carnahan
2488,Michael Powell
2489,Bob Kellett
2490,Brian Helgeland
2491,Mark Tarlov
2492,Myles Berkowitz
2493,Joseph Vilsmaier
2494,Gus Van Sant
2495,René Laloux
2496,Hugh Wilson
2497,Luis Mandoki
2499,Julia Sweeney
2500,Darren Stein
2501,Joe Johnston
2502,Mike Judge
2503,Samira Makhmalbaf
2504,Risa Bramon Garcia
2505,Joel Schumacher
2506,Garry Marshall
2507,Alan Rudolph
2508,Peyton Reed
2509,Michael Davis
2510,Richard Wenk
2511,Robert Altman
2512,Shohei Imamura
2513,Mary Lambert
2514,Mary Lambert
2515,David Price
2516,James D.R. Hickox
2517,John Carpenter
2518,Ron Howard
2519,William Malone
2520,George Seaton
2521,Jack Smight
2522,Craig Schlattman
2523,James Goldstone
2524,Irwin Allen
2525,Kevin Spacey
2526,Ronald Neame
2527,Michael Crichton
2528,Michael Anderson
2529,Franklin J. Schaffner
2530,Ted Post
2531,J. Lee Thompson
2532,J. Lee Thompson
2533,Don Taylor
2534,Paul Ziller
2535,John Lafia
2536,David Lowell Rich
2537,Irwin Allen
2538,Matthew Diamond
2539,Harold Ramis
2540,James Foley
2541,Roger Kumble
2542,Guy Ritchie
2543,Adam Bernstein
2544,Benoît Jacquot
2545,P.J. Castellaneta
2546,Ulu Grosbard
2548,Aluisio Abranches
2549,Chris Roberts
2550,Jan de Bont
2551,David Cronenberg
2552,Bob Balaban
2553,John Carpenter
2554,Anton Leader
2555,Bob Clark (III)
2556,Robert DeFranco
2557,Gaspar Noe
2558,Bronwen Hughes
2559,Walter Lang
2560,Antonia Bird
2561,Clint Eastwood
2562,Barry Levinson
2563,Marshall Herskovitz
2565,Walter Lang
2566,Maurice Joyce (II)
2567,Ron Howard
2568,Scott Silver
2569,Sam Miller
2570,Tony Goldwyn
2571,Andy Wachowski
2572,Gil Junger
2573,Carlos Saura
2574,Sam Weisman
2575,Erick Zonca
2576,Marion Vernoux
2577,Philip Saville
2578,Hilary Brougher
2579,Christopher Nolan
2580,Doug Liman
2581,Raja Gosnell
2582,Ringo Lam
2583,Robert Altman
2584,Erich von Stroheim
2585,Julio Medem
2586,Roland Joffé
2587,Richard Linklater
2589,Vince Clark
2590,Gillies MacKinnon
2591,Jacques Martineau
2593,Roberto Benigni
2594,Alejandro Amenábar
2595,Dariusz Jablonski
2596,James Merendino
2597,Jeff Pollack
2598,Mike Newell
2599,Alexander Payne
2600,David Cronenberg
2601,Peter Duncan
2602,Meng-Hwa Ho
2603,Sam Mendes
2604,Jennifer Baichwal
2605,Jon Amiel
2606,Rodman Flender
2607,Simon Shore
2609,Wu Tianming
2610,Tony Bui
2611,David Mamet
2612,Michael Curtiz
2613,Thom Eberhardt
2614,Jim Wynorski
2615,Jonathan R. Betuel
2616,Warren Beatty
2617,Stephen Sommers
2618,Rob Sitch
2619,Patrick Conrad
2620,Paul Quinn
2621,Joan Chen
2622,Michael Hoffman
2623,David Raynr
2624,Hirokazu Koreeda
2625,Daniel Lee
2626,David Moreton
2627,George Butler
2628,Pete Schuermann
2629,Madison Monroe
2630,Bernardo Bertolucci
2631,Amanda Poe
2632,Wojciech Has
2633,Stephen Sommers
2634,Stephen Sommers
2635,Leslie Goodwins
2636,Reginald Le Borg
2637,Christy Cabanne
2638,Rob Cohen
2639,Frank Perry
2640,Richard Donner
2641,Richard Lester
2642,Richard Lester
2643,Sidney J. Furie
2644,Tod Browning
2646,Erie C. Kenton
2647,Erle C. Kenton
2648,James Whale
2649,Michael Gordon
2650,Erle C. Kenton
2651,Roy William Neill
2652,Terence Fisher
2653,Robert Siodmak
2654,George Waggner
2655,Philippe Mora
2656,Jack Arnold
2657,Jim Sharman
2659,Malcolm Leo
2660,Christian Nyby
2661,Jack Arnold
2662,Steven Spielberg
2663,Robert Gordon
2664,Don Siegel
2665,Fred F. Sears
2666,Roger Corman
2667,Virgil W. Vogel
2668,Wes Craven
2669,Lewis Milestone
2670,Robert Wise
2671,Roger Michell
2672,Josef Rusnak
2673,Theodoros Angelopoulos
2674,Mike Figgis
2675,María Ripoll
2676,Jon Turteltaub
2677,Wim Wenders
2678,Morgan J. Freeman
2679,Tanya Wexler
2681,Robert Meyer Burnett
2682,John Sayles
2683,Jay Roach
2685,Yvan Le Moine
2686,François Girard
2687,Kevin Lima
2688,Simon West
2689,Gil Junger
2690,Oliver Parker
2691,Giuseppe Tornatore
2692,Tom Tykwer
2693,Roger Nygard
2694,Frederic Golchan
2695,Joel Schumacher
2696,Francis Veber
2697,Udayan Prasad
2699,Frank Marshall
2700,Trey Parker
2701,Barry Sonnenfeld
2702,Ulli Lommel
2703,Scott Ziehl
2704,Leos Carax
2705,Olivier Assayas
2706,Chris Weitz
2707,Mark Pellington
2708,Eric Rohmer
2709,Tim Hill
2710,Daniel Myrick
2711,Hugh Hudson
2712,Stanley Kubrick
2713,Steve Miner
2714,Rick Famuyiwa
2715,Dan Ireland
2716,Ivan Reitman
2717,Ivan Reitman
2718,Michael Patrick Jann
2719,Jan de Bont
2720,David Kellogg
2721,Jim Fall
2722,Renny Harlin
2723,Kinka Usher
2724,Garry Marshall
2725,Michael Polish
2726,Stanley Kubrick
2727,Stanley Kubrick
2728,Stanley Kubrick
2729,Stanley Kubrick
2730,Stanley Kubrick
2731,François Truffaut
2732,François Truffaut
2733,Ken Kwapis
2734,Peter Weir
2735,Michael Ritchie
2736,Gene Saks
2737,Andrew Dominik
2738,Bruce Beresford
2739,Steven Spielberg
2741,Richard Pearce
2742,Bertrand Blier
2743,Jerrold Freedman
2744,Brian Large
2745,Roland Joffé
2746,Roger Corman
2747,Roger Corman
2748,Gary Nelson
2749,Sidney Lumet
2750,Woody Allen
2751,Bob Clark (III)
2752,Arthur Hiller
2753,Curtis Hanson
2754,Jeffrey Delman
2755,Paul Schrader
2756,Gary Sherman
2757,Graeme Clifford
2758,Fred Schepisi
2759,Andrew Fleming
2761,Brad Bird
2762,M. Night Shyamalan
2763,John McTiernan
2764,John McTiernan
2765,Paul McGuigan
2766,Tod Williams
2767,John Turturro
2768,Gary Sinyor
2769,Howard Deutch
2770,Frank Oz
2771,Jonathan Kaplan
2772,Adam Rifkin
2773,Andre Techine
2774,Anne Wheeler
2775,Fatih Akin
2776,Anna Maria Tato
2777,George P. Cosmatos
2778,Peter Hall
2779,Ernst Lubitsch
2780,Roger Corman
2781,William Castle
2782,Roger Corman
2783,Roger Corman
2784,Roger Corman
2785,Roger Corman
2786,Gene Wilder
2787,Lewis Teague
2788,Ian McNaughton
2789,Mike Hodges
2791,David Zucker
2792,Ken Finkleman
2793,Anthony Waller
2794,Amy Heckerling
2795,Harold Ramis
2796,George Roy Hill
2797,Penny Marshall
2798,Brian Levant
2799,Brian Levant
2800,Masami Hata
2801,Gillian Armstrong
2802,Robert Towne
2803,Alan J. Pakula
2804,Bob Clark (III)
2805,Kelly Makin
2806,Kevin Williamson
2807,Mic Rodgers
2808,Roland Emmerich
2809,Jeff Franklin
2810,Satoshi Kon
2811,Melvin James
2812,Michael Rymer
2813,John Antonelli
2814,Frank R. Strayer
2815,Sidney J. Furie
2816,Sidney J. Furie
2817,John Glen
2818,Sidney J. Furie
2819,Sydney Pollack
2820,Kenneth Branagh
2821,Daniel Bressanutti
2822,John McTiernan
2823,Fritz Lang
2824,Nanette Burstein
2825,Rubi Zack
2826,John McTiernan
2827,Rand Ravich
2829,Albert Brooks
2830,Goran Paskaljevic
2831,Kevin Brodie
2832,Chris Menges
2833,Claude Berri
2834,Nick Hamm
2835,Hugh Johnson
2836,Michael Corrente
2837,Rose Troche
2839,Ziad Doueiri
2840,Rupert Wainwright
2841,David Koepp
2842,Mike Barker
2843,Emir Kusturica
2844,Hampton Fancher
2845,Marc Levin
2846,Masanori Hata
2847,Howard Hawks
2848,Oliver Parker
2849,Steve Rash
2850,Penelope Spheeris
2851,Farrah Fawcett
2852,Norman Jewison
2853,Alfred Sole
2854,S.F. Brownrigg
2855,Adam Curtis
2856,William Castle
2857,George Dunning
2858,Sam Mendes
2859,Jonathan Demme
2860,Les Mayfield
2861,Sam Raimi
2862,Tinto Brass
2863,Richard Lester
2864,Shari Springer Berman
2865,Allison Anders
2866,Steve Rash
2867,Tom Holland
2868,Tommy Lee Wallace
2869,Christian Vincent
2870,Gene Saks
2871,John Boorman
2872,John Boorman
2873,Paul Auster
2874,George Abbott
2875,Jon Amiel
2876,Don Bluth
2877,Ken Russell
2878,Tom DeSimone
2879,Jackie Chan
2880,Jackie Chan
2881,Bruce Beresford
2882,Peter Kassovitz
2883,Lawrence Kasdan
2884,Bruce McCulloch
2885,Audrey Wells
2886,Gary Halvorson
2887,Kevin Elders
2888,Eleanor Lindo
2889,Jay Roach
2890,David O. Russell
2891,Mark Illsley
2892,Abel Ferrara
2893,Jake Scott
2894,Catherine Breillat
2895,Bernard McEveety (II)
2896,Edward Dmytryk
2897,Federico Fellini
2898,George A. Romero
2899,Dave Fleischer
2900,George A. Romero
2901,Don Coscarelli
2902,Morgan J. Freeman
2903,Anthony Perkins
2904,Stanley Donen
2905,Akira Kurosawa
2906,Sydney Pollack
2907,Bruce McCulloch
2908,Kimberly Peirce
2910,Cédric Kahn
2911,José Luis Garci
2912,Steven Soderbergh
2913,Jeff Abugov
2914,Mickey Liddell
2915,Paul Brickman
2916,Paul Verhoeven
2917,Lawrence Kasdan
2918,John Hughes
2919,Peter Weir
2920,Marcel Carné
2921,Clint Eastwood
2922,Ted Post
2923,Jonathan Demme
2924,Chia-Liang Liu
2925,Bernardo Bertolucci
2926,Adam Shankman
2927,David Lean
2928,John Byrum
2929,Krzysztof Kieslowski
2931,Emir Kusturica
2932,Terrence Malick
2933,Louis Malle
2934,Carlos Saura
2935,Preston Sturges
2936,Preston Sturges
2937,Preston Sturges
2938,Eliseo Subiela
2939,Henry Hathaway
2940,Charles Vidor
2941,Joshua Logan
2942,Adrian Lyne
2943,Régis Wargnier
2944,Robert Aldrich
2945,James Bridges
2946,Richard Lester
2947,Guy Hamilton
2948,Terence Young
2949,Terence Young
2950,Randal Kleiser
2951,Sergio Leone
2952,Paul Thomas Anderson
2953,Chris Columbus
2954,Jamaa Fanaka
2955,Jamaa Fanaka
2956,Director Ridley Scott
2958,Valerie Red-Horse
2959,David Fincher
2960,Thom Fitzgerald
2961,Rob Reiner
2962,Bobby Farrelly
2963,Frank Whaley
2964,Harmony Korine
2965,Robert Marcarelli
2966,David Lynch
2967,Mervyn LeRoy
2968,Terry Gilliam
2969,Claude Lelouch
2970,Werner Herzog
2971,Bob Fosse
2972,Yimou Zhang
2973,Woody Allen
2974,Frank R. Strayer
2975,Stefan Schwartz
2976,Martin Scorsese
2977,Antonio Banderas
2978,Damon Santostefano
2979,Michael Cristofer
2981,Philippe Mora
2982,Andrew Davis
2983,Sidney J. Furie
2984,Bruce Brown
2985,Paul Verhoeven
2986,Irvin Kershner
2987,Robert Zemeckis
2988,Jonathan Demme
2989,John Glen
2990,John Glen
2991,Guy Hamilton
2992,George Pavlou
2993,Terence Young
2994,Charles Chaplin
2995,William Malone
2996,Wes Craven
2997,Spike Jonze
2998,Eric Styles
2999,Adam Abraham
3000,Hayao Miyazaki
3001,Donal Lardner Ward
3002,Werner Herzog
3003,Radu Mihaileanu
3004,Gary Sinyor
3005,Phillip Noyce
3006,Spike Lee
3007,Chris Smith
3008,Don McKellar
3010,Jean-Pierre Dardenne
3011,Sydney Pollack
3012,Bonnie Hill
3013,Brian Yuzna
3014,Cicely Tyson
3015,Michael Crichton
3016,George A. Romero
3017,Michael Gornick
3018,Stuart Gordon
3019,Gus Van Sant
3020,Joel Schumacher
3021,Tobe Hooper
3022,Clyde Bruckman
3024,Joe Dante
3025,Arnold Laven
3026,George Roy Hill
3027,George Roy Hill
3028,John Allison
3029,Bruce Malmuth
3030,Akira Kurosawa
3031,Darren Lynn Bousman
3032,Boris Sagal
3033,Mel Brooks
3034,Kevin Reynolds
3035,John Ford
3036,Jean-Jacques Annaud
3037,Arthur Penn
3038,Elia Kazan
3039,John Landis
3040,Ivan Reitman
3041,Ken Wiederhorn
3042,George Mendeluk
3043,Bob Logan
3044,Kenneth Branagh
3045,Kenneth Branagh
3046,Maria Maggenti
3047,Peter Duffell
3048,Steve Rash
3049,Richard Lester
3050,Craig Bolotin
3051,Wayne Wang
3052,Kevin Smith
3053,Luc Besson
3054,Kunihiko Yuyama
3055,Atom Egoyan
3056,Richard Shepard
3057,Daniel Pyne
3058,Franklin J. Schaffner
3060,Alan Parker
3061,Mark Sandrich
3062,Andrew Marton
3063,Katt Shea
3064,Kurt Voss
3065,Steve Oedekerk
3066,Richard Fleischer
3067,Pedro Almodóvar
3068,Sidney Lumet
3069,Paul Newman
3070,W.D. Richter
3071,Ramón Menéndez
3072,Norman Jewison
3073,Claudia Carey
3074,Sydney Pollack
3075,Roman Polanski
3076,Billy Wilder
3077,Michael Apted
3078,Barry Levinson
3079,Patricia Rozema
3081,Tim Burton
3082,Ventura Pons
3083,Pedro Almodóvar
3085,Jean Rollin
3086,Charley Rogers
3087,Richard Donner
3088,Joel Hopkins
3089,Vittorio De Sica
3090,John Sayles
3091,Akira Kurosawa
3092,Hiroshi Inagaki
3093,Robert Altman
3094,James Ivory
3095,John Ford
3096,Gregory La Cava
3097,Ernst Lubitsch
3098,Barry Levinson
3099,Hal Ashby
3100,Robert Redford
3101,Adrian Lyne
3102,Richard Marquand
3103,Martin Ritt
3104,Martin Brest
3105,Penny Marshall
3106,Alan Parker
3107,Ron Howard
3108,Terry Gilliam
3109,Courtney Hunt
3110,Niki Caro
3111,Robert Benton
3112,Tom Moore
3113,Peter Hyams
3114,John Lasseter
3115,Michael Radford
3116,Mike Figgis
3117,Ang Lee
3118,Gavin O'Conner
3119,Mario Bava
3120,Jonathan Lynn
3121,Ida Lupino
3122,Michael Curtiz
3124,Anjelica Huston
3125,Neil Jordan
3126,Neil Jordan
3127,Jane Campion
3128,Scott Elliott (II)
3129,Woody Allen
3130,Brian DePalma
3131,Victor Mignatti
3132,Jean Negulesco
3133,Edward Buzzell
3134,Jean Renoir
3135,Lewis John Carlino
3136,George W. George
3137,Andrew V. McLaglen
3138,William Porter
3139,Robert F. Hill
3140,Buster Keaton
3141,Jack Nicholson
3142,Phil Joanou
3143,John Boorman
3144,Frank Tashlin
3145,Tim Robbins
3146,Eddie Griffin
3147,Frank Darabont